"Step","[5k iter FULL k=1]adahessian-lr5e-05 - train_loss","[5k iter FULL k=1]adahessian-lr5e-05 - train_loss__MIN","[5k iter FULL k=1]adahessian-lr5e-05 - train_loss__MAX","[5k iter FULL k=1] adahessian-lr0.003-bs16-epochs3 - train_loss","[5k iter FULL k=1] adahessian-lr0.003-bs16-epochs3 - train_loss__MIN","[5k iter FULL k=1] adahessian-lr0.003-bs16-epochs3 - train_loss__MAX","[FULL bad] adahessian-lr0.015-bs16-epochs3 - train_loss","[FULL bad] adahessian-lr0.015-bs16-epochs3 - train_loss__MIN","[FULL bad] adahessian-lr0.015-bs16-epochs3 - train_loss__MAX"
"0","5.915058579444885","5.915058579444885","5.915058579444885","5.779940462112426","5.779940462112426","5.779940462112426","5.4498982334136965","5.4498982334136965","5.4498982334136965"
"1","5.893742527961731","5.893742527961731","5.893742527961731","4.991666412353515","4.991666412353515","4.991666412353515","4.451028490066529","4.451028490066529","4.451028490066529"
"2","5.882668166160584","5.882668166160584","5.882668166160584","4.915025773048401","4.915025773048401","4.915025773048401","4.073883848190308","4.073883848190308","4.073883848190308"
"3","5.849036002159119","5.849036002159119","5.849036002159119","4.79531391620636","4.79531391620636","4.79531391620636","3.7888749408721925","3.7888749408721925","3.7888749408721925"
"4","5.846498293876648","5.846498293876648","5.846498293876648","4.6104754114151","4.6104754114151","4.6104754114151","3.6816116905212404","3.6816116905212404","3.6816116905212404"
"5","5.815337715148925","5.815337715148925","5.815337715148925","4.430786700248718","4.430786700248718","4.430786700248718","3.55481071472168","3.55481071472168","3.55481071472168"
"6","5.801651406288147","5.801651406288147","5.801651406288147","4.268993825912475","4.268993825912475","4.268993825912475","3.557391490936279","3.557391490936279","3.557391490936279"
"7","5.75117061138153","5.75117061138153","5.75117061138153","4.230624647140503","4.230624647140503","4.230624647140503","3.3742619943618775","3.3742619943618775","3.3742619943618775"
"8","5.764064207077026","5.764064207077026","5.764064207077026","3.924484624862671","3.924484624862671","3.924484624862671","3.3684781312942507","3.3684781312942507","3.3684781312942507"
"9","5.723382358551025","5.723382358551025","5.723382358551025","3.8628433680534364","3.8628433680534364","3.8628433680534364","3.3706391716003417","3.3706391716003417","3.3706391716003417"
"10","5.688636083602905","5.688636083602905","5.688636083602905","3.8132308459281923","3.8132308459281923","3.8132308459281923","3.2329683971405028","3.2329683971405028","3.2329683971405028"
"11","5.6607046747207646","5.6607046747207646","5.6607046747207646","3.7903697514533996","3.7903697514533996","3.7903697514533996","3.077146530151367","3.077146530151367","3.077146530151367"
"12","5.646372404098511","5.646372404098511","5.646372404098511","3.7919830465316773","3.7919830465316773","3.7919830465316773","3.1131637144088744","3.1131637144088744","3.1131637144088744"
"13","5.6225948238372805","5.6225948238372805","5.6225948238372805","3.7126285910606383","3.7126285910606383","3.7126285910606383","2.9237341594696047","2.9237341594696047","2.9237341594696047"
"14","5.617241024971008","5.617241024971008","5.617241024971008","3.6973600435256957","3.6973600435256957","3.6973600435256957","2.632495126724243","2.632495126724243","2.632495126724243"
"15","5.604521660804749","5.604521660804749","5.604521660804749","3.5616072463989257","3.5616072463989257","3.5616072463989257","2.3847501564025877","2.3847501564025877","2.3847501564025877"
"16","5.548347535133362","5.548347535133362","5.548347535133362","3.5082528448104857","3.5082528448104857","3.5082528448104857","2.2442051196098327","2.2442051196098327","2.2442051196098327"
"17","5.5495955801010135","5.5495955801010135","5.5495955801010135","3.5018936586380005","3.5018936586380005","3.5018936586380005","1.9715814971923828","1.9715814971923828","1.9715814971923828"
"18","5.523492860794067","5.523492860794067","5.523492860794067","3.399167528152466","3.399167528152466","3.399167528152466","2.0216670179367067","2.0216670179367067","2.0216670179367067"
"19","5.501587519645691","5.501587519645691","5.501587519645691","3.4070244073867797","3.4070244073867797","3.4070244073867797","1.8725911855697632","1.8725911855697632","1.8725911855697632"
"20","5.46871171951294","5.46871171951294","5.46871171951294","3.2666431498527526","3.2666431498527526","3.2666431498527526","1.9011156582832336","1.9011156582832336","1.9011156582832336"
"21","5.446882472038269","5.446882472038269","5.446882472038269","3.3026940965652467","3.3026940965652467","3.3026940965652467","1.8611141157150268","1.8611141157150268","1.8611141157150268"
"22","5.409426589012146","5.409426589012146","5.409426589012146","3.3324953389167784","3.3324953389167784","3.3324953389167784","1.813406276702881","1.813406276702881","1.813406276702881"
"23","5.399963593482971","5.399963593482971","5.399963593482971","3.269441342353821","3.269441342353821","3.269441342353821","1.843675513267517","1.843675513267517","1.843675513267517"
"24","5.385759997367859","5.385759997367859","5.385759997367859","3.260810286998749","3.260810286998749","3.260810286998749","1.7008117866516113","1.7008117866516113","1.7008117866516113"
"25","5.360070075988769","5.360070075988769","5.360070075988769","3.2145368432998658","3.2145368432998658","3.2145368432998658","1.7011632776260377","1.7011632776260377","1.7011632776260377"
"26","5.310895462036132","5.310895462036132","5.310895462036132","3.17934175491333","3.17934175491333","3.17934175491333","1.5818807983398437","1.5818807983398437","1.5818807983398437"
"27","","","","","","","1.6334167861938476","1.6334167861938476","1.6334167861938476"
"28","5.291972513198853","5.291972513198853","5.291972513198853","3.1920207929611206","3.1920207929611206","3.1920207929611206","1.568313136100769","1.568313136100769","1.568313136100769"
"29","5.284154553413391","5.284154553413391","5.284154553413391","3.18278883934021","3.18278883934021","3.18278883934021","1.561162621974945","1.561162621974945","1.561162621974945"
"30","5.240513782501221","5.240513782501221","5.240513782501221","3.2581340646743775","3.2581340646743775","3.2581340646743775","1.6065354013442994","1.6065354013442994","1.6065354013442994"
"31","5.211962757110595","5.211962757110595","5.211962757110595","3.1792019701004026","3.1792019701004026","3.1792019701004026","1.516553257703781","1.516553257703781","1.516553257703781"
"32","5.192652997970581","5.192652997970581","5.192652997970581","3.206189126968384","3.206189126968384","3.206189126968384","1.59834707736969","1.59834707736969","1.59834707736969"
"33","5.204610114097595","5.204610114097595","5.204610114097595","3.1236994862556458","3.1236994862556458","3.1236994862556458","1.5098569011688232","1.5098569011688232","1.5098569011688232"
"34","5.160755529403686","5.160755529403686","5.160755529403686","3.1321783518791197","3.1321783518791197","3.1321783518791197","1.4674083995819092","1.4674083995819092","1.4674083995819092"
"35","5.147045631408691","5.147045631408691","5.147045631408691","3.145378842353821","3.145378842353821","3.145378842353821","1.5343674731254577","1.5343674731254577","1.5343674731254577"
"36","5.114634056091308","5.114634056091308","5.114634056091308","3.2240719485282896","3.2240719485282896","3.2240719485282896","1.44870307803154","1.44870307803154","1.44870307803154"
"37","5.088023142814636","5.088023142814636","5.088023142814636","3.2292676520347596","3.2292676520347596","3.2292676520347596","1.513240212202072","1.513240212202072","1.513240212202072"
"38","5.059739775657654","5.059739775657654","5.059739775657654","3.1430092954635622","3.1430092954635622","3.1430092954635622","1.449320056438446","1.449320056438446","1.449320056438446"
"39","4.993991003036499","4.993991003036499","4.993991003036499","3.2341787600517273","3.2341787600517273","3.2341787600517273","1.463703087568283","1.463703087568283","1.463703087568283"
"40","5.00437319278717","5.00437319278717","5.00437319278717","3.2502031755447387","3.2502031755447387","3.2502031755447387","1.4064309644699096","1.4064309644699096","1.4064309644699096"
"41","4.991605677604675","4.991605677604675","4.991605677604675","3.187493484020233","3.187493484020233","3.187493484020233","1.4797605848312378","1.4797605848312378","1.4797605848312378"
"42","4.993360681533813","4.993360681533813","4.993360681533813","3.2711849331855776","3.2711849331855776","3.2711849331855776","1.4915509247779846","1.4915509247779846","1.4915509247779846"
"43","4.982759628295899","4.982759628295899","4.982759628295899","3.2468190789222717","3.2468190789222717","3.2468190789222717","1.5499397683143616","1.5499397683143616","1.5499397683143616"
"44","4.910074672698975","4.910074672698975","4.910074672698975","3.2014470362663268","3.2014470362663268","3.2014470362663268","1.3388783192634583","1.3388783192634583","1.3388783192634583"
"45","4.91261125087738","4.91261125087738","4.91261125087738","3.2796404361724854","3.2796404361724854","3.2796404361724854","1.456045583486557","1.456045583486557","1.456045583486557"
"46","4.8687821912765505","4.8687821912765505","4.8687821912765505","3.2945455050468446","3.2945455050468446","3.2945455050468446","1.4994453501701355","1.4994453501701355","1.4994453501701355"
"47","4.827984480857849","4.827984480857849","4.827984480857849","3.3375641655921937","3.3375641655921937","3.3375641655921937","1.347741229534149","1.347741229534149","1.347741229534149"
"48","4.815482444763184","4.815482444763184","4.815482444763184","3.3265234637260437","3.3265234637260437","3.3265234637260437","1.4771410417556763","1.4771410417556763","1.4771410417556763"
"49","4.789766516685486","4.789766516685486","4.789766516685486","3.35501718044281","3.35501718044281","3.35501718044281","1.4659320509433746","1.4659320509433746","1.4659320509433746"
"50","4.747480757236481","4.747480757236481","4.747480757236481","3.3784857320785524","3.3784857320785524","3.3784857320785524","1.3609142339229583","1.3609142339229583","1.3609142339229583"
"51","4.7850045347213745","4.7850045347213745","4.7850045347213745","","","","1.433040324449539","1.433040324449539","1.433040324449539"
"52","4.750514926910401","4.750514926910401","4.750514926910401","","","","1.5101828801631927","1.5101828801631927","1.5101828801631927"
"53","4.703906054496765","4.703906054496765","4.703906054496765","","","","1.4662867128849029","1.4662867128849029","1.4662867128849029"
"54","4.708348746299744","4.708348746299744","4.708348746299744","","","","1.5438968825340271","1.5438968825340271","1.5438968825340271"
"55","4.739616894721985","4.739616894721985","4.739616894721985","","","","","",""
"56","","","","","","","1.4774569749832154","1.4774569749832154","1.4774569749832154"
"57","4.624219121932984","4.624219121932984","4.624219121932984","","","","1.5343625044822693","1.5343625044822693","1.5343625044822693"
"58","4.653290610313416","4.653290610313416","4.653290610313416","","","","1.583102343082428","1.583102343082428","1.583102343082428"
"59","4.615421621799469","4.615421621799469","4.615421621799469","","","","1.4905129706859588","1.4905129706859588","1.4905129706859588"
"60","4.5825546884536745","4.5825546884536745","4.5825546884536745","","","","1.4628418517112731","1.4628418517112731","1.4628418517112731"
"61","4.582780215740204","4.582780215740204","4.582780215740204","","","","1.5972864925861359","1.5972864925861359","1.5972864925861359"
"62","4.550958409309387","4.550958409309387","4.550958409309387","","","","1.5261884069442748","1.5261884069442748","1.5261884069442748"
"63","4.580386946201324","4.580386946201324","4.580386946201324","","","","1.5598562204837798","1.5598562204837798","1.5598562204837798"
"64","4.55398912191391","4.55398912191391","4.55398912191391","","","","1.6202160036563873","1.6202160036563873","1.6202160036563873"
"65","4.519104199409485","4.519104199409485","4.519104199409485","","","","1.5609419310092927","1.5609419310092927","1.5609419310092927"
"66","4.453892729282379","4.453892729282379","4.453892729282379","","","","1.6166077089309692","1.6166077089309692","1.6166077089309692"
"67","4.517124466896057","4.517124466896057","4.517124466896057","","","","1.625467529296875","1.625467529296875","1.625467529296875"
"68","4.445081918239594","4.445081918239594","4.445081918239594","","","","1.5600785052776336","1.5600785052776336","1.5600785052776336"
"69","4.470976858139038","4.470976858139038","4.470976858139038","","","","1.7210906219482422","1.7210906219482422","1.7210906219482422"
"70","4.476792809963226","4.476792809963226","4.476792809963226","","","","1.6636680793762206","1.6636680793762206","1.6636680793762206"
"71","4.439176003932953","4.439176003932953","4.439176003932953","","","","1.686002939939499","1.686002939939499","1.686002939939499"
"72","4.372701809406281","4.372701809406281","4.372701809406281","","","","1.724389624595642","1.724389624595642","1.724389624595642"
"73","4.435619568824768","4.435619568824768","4.435619568824768","","","","1.7275804162025452","1.7275804162025452","1.7275804162025452"
"74","4.3701331162452695","4.3701331162452695","4.3701331162452695","","","","1.713904104232788","1.713904104232788","1.713904104232788"
"75","4.39813481092453","4.39813481092453","4.39813481092453","","","","1.7763481950759887","1.7763481950759887","1.7763481950759887"
"76","4.298173546791077","4.298173546791077","4.298173546791077","","","","1.771219117641449","1.771219117641449","1.771219117641449"
"77","4.370217423439026","4.370217423439026","4.370217423439026","","","","1.8015228819847107","1.8015228819847107","1.8015228819847107"
"78","4.370510063171387","4.370510063171387","4.370510063171387","","","","1.58650395154953","1.58650395154953","1.58650395154953"
"79","4.3446960401535035","4.3446960401535035","4.3446960401535035","","","","1.7909655904769897","1.7909655904769897","1.7909655904769897"
"80","4.298652410507202","4.298652410507202","4.298652410507202","","","","1.7770267224311829","1.7770267224311829","1.7770267224311829"
"81","4.2914470672607425","4.2914470672607425","4.2914470672607425","","","","1.764612808227539","1.764612808227539","1.764612808227539"
"82","4.350466723442078","4.350466723442078","4.350466723442078","","","","1.8373329615592957","1.8373329615592957","1.8373329615592957"
"83","4.324009771347046","4.324009771347046","4.324009771347046","","","","1.8643087148666382","1.8643087148666382","1.8643087148666382"
"84","","","","","","","1.9495659208297729","1.9495659208297729","1.9495659208297729"
"85","","","","","","","1.9211226677894593","1.9211226677894593","1.9211226677894593"
"86","4.281999309062957","4.281999309062957","4.281999309062957","","","","1.882485270500183","1.882485270500183","1.882485270500183"
"87","4.314321608543396","4.314321608543396","4.314321608543396","","","","1.9005021822452546","1.9005021822452546","1.9005021822452546"
"88","4.2396186876297","4.2396186876297","4.2396186876297","","","","1.8622728610038757","1.8622728610038757","1.8622728610038757"
"89","4.3001704502105715","4.3001704502105715","4.3001704502105715","","","","1.9934731650352477","1.9934731650352477","1.9934731650352477"
"90","4.2548539614677425","4.2548539614677425","4.2548539614677425","","","","1.8145317006111146","1.8145317006111146","1.8145317006111146"
"91","4.276313281059265","4.276313281059265","4.276313281059265","","","","1.9609426307678222","1.9609426307678222","1.9609426307678222"
"92","4.294770998954773","4.294770998954773","4.294770998954773","","","","1.8928460025787353","1.8928460025787353","1.8928460025787353"
"93","4.273159635066986","4.273159635066986","4.273159635066986","","","","1.9155576753616332","1.9155576753616332","1.9155576753616332"
"94","4.188596131801606","4.188596131801606","4.188596131801606","","","","2.0491614961624145","2.0491614961624145","2.0491614961624145"
"95","4.221956179141999","4.221956179141999","4.221956179141999","","","","1.8834912276268005","1.8834912276268005","1.8834912276268005"
"96","4.1900547099113465","4.1900547099113465","4.1900547099113465","","","","1.9703146648406982","1.9703146648406982","1.9703146648406982"
"97","4.127105145454407","4.127105145454407","4.127105145454407","","","","2.0459364748001097","2.0459364748001097","2.0459364748001097"
"98","4.170689594745636","4.170689594745636","4.170689594745636","","","","2.039267439842224","2.039267439842224","2.039267439842224"
"99","4.233283603191376","4.233283603191376","4.233283603191376","","","","2.114102056026459","2.114102056026459","2.114102056026459"
"100","4.197203977108002","4.197203977108002","4.197203977108002","","","","2.0927569031715394","2.0927569031715394","2.0927569031715394"
"101","4.139870636463165","4.139870636463165","4.139870636463165","","","","1.9563589525222778","1.9563589525222778","1.9563589525222778"
"102","4.177350931167602","4.177350931167602","4.177350931167602","","","","1.9935421276092529","1.9935421276092529","1.9935421276092529"
"103","4.105776734352112","4.105776734352112","4.105776734352112","","","","2.1855287551879883","2.1855287551879883","2.1855287551879883"
"104","4.1788539123535156","4.1788539123535156","4.1788539123535156","","","","2.0806565403938295","2.0806565403938295","2.0806565403938295"
"105","4.226459441184997","4.226459441184997","4.226459441184997","","","","2.12953803062439","2.12953803062439","2.12953803062439"
"106","4.138199360370636","4.138199360370636","4.138199360370636","","","","2.1118281197547915","2.1118281197547915","2.1118281197547915"
"107","4.116046433448791","4.116046433448791","4.116046433448791","","","","2.0768885374069215","2.0768885374069215","2.0768885374069215"
"108","4.096487510204315","4.096487510204315","4.096487510204315","","","","2.094041929244995","2.094041929244995","2.094041929244995"
"109","4.090344624519348","4.090344624519348","4.090344624519348","","","","2.1125473523139955","2.1125473523139955","2.1125473523139955"
"110","4.189261066913605","4.189261066913605","4.189261066913605","","","","2.197211172580719","2.197211172580719","2.197211172580719"
"111","4.161671216487885","4.161671216487885","4.161671216487885","","","","","",""
"112","4.1664611744880675","4.1664611744880675","4.1664611744880675","","","","2.056499297618866","2.056499297618866","2.056499297618866"
"113","4.019394638538361","4.019394638538361","4.019394638538361","","","","2.105134484767914","2.105134484767914","2.105134484767914"
"114","","","","","","","2.1244660329818728","2.1244660329818728","2.1244660329818728"
"115","4.049895422458649","4.049895422458649","4.049895422458649","","","","2.191237189769745","2.191237189769745","2.191237189769745"
"116","4.138576624393463","4.138576624393463","4.138576624393463","","","","2.126128122806549","2.126128122806549","2.126128122806549"
"117","4.132420692443848","4.132420692443848","4.132420692443848","","","","2.1839019799232484","2.1839019799232484","2.1839019799232484"
"118","4.06803857088089","4.06803857088089","4.06803857088089","","","","2.159676923751831","2.159676923751831","2.159676923751831"
"119","4.1452239227294925","4.1452239227294925","4.1452239227294925","","","","2.2169121050834657","2.2169121050834657","2.2169121050834657"
"120","4.047086718082428","4.047086718082428","4.047086718082428","","","","2.1494074749946592","2.1494074749946592","2.1494074749946592"
"121","4.0176256346702575","4.0176256346702575","4.0176256346702575","","","","2.292766156196594","2.292766156196594","2.292766156196594"
"122","4.089290521144867","4.089290521144867","4.089290521144867","","","","2.1847064876556397","2.1847064876556397","2.1847064876556397"
"123","4.042964670658112","4.042964670658112","4.042964670658112","","","","2.2539031291007996","2.2539031291007996","2.2539031291007996"
"124","4.136425156593322","4.136425156593322","4.136425156593322","","","","2.2960453844070434","2.2960453844070434","2.2960453844070434"
"125","4.046921322345733","4.046921322345733","4.046921322345733","","","","2.213060748577118","2.213060748577118","2.213060748577118"
"126","4.030204496383667","4.030204496383667","4.030204496383667","","","","2.354070017337799","2.354070017337799","2.354070017337799"
"127","4.028511347770691","4.028511347770691","4.028511347770691","","","","2.1476837635040282","2.1476837635040282","2.1476837635040282"
"128","3.9583537340164185","3.9583537340164185","3.9583537340164185","","","","2.2569562149047853","2.2569562149047853","2.2569562149047853"
"129","4.1027527213096615","4.1027527213096615","4.1027527213096615","","","","2.2495866584777833","2.2495866584777833","2.2495866584777833"
"130","3.9712936735153197","3.9712936735153197","3.9712936735153197","","","","2.1517461848258974","2.1517461848258974","2.1517461848258974"
"131","4.01536553144455","4.01536553144455","4.01536553144455","","","","2.279724633693695","2.279724633693695","2.279724633693695"
"132","4.038277132511139","4.038277132511139","4.038277132511139","","","","2.293952305316925","2.293952305316925","2.293952305316925"
"133","3.998815965652466","3.998815965652466","3.998815965652466","","","","2.36780296087265","2.36780296087265","2.36780296087265"
"134","3.9699462699890136","3.9699462699890136","3.9699462699890136","","","","2.344408066272736","2.344408066272736","2.344408066272736"
"135","3.9891804480552673","3.9891804480552673","3.9891804480552673","","","","2.3171864104270936","2.3171864104270936","2.3171864104270936"
"136","4.010529856681824","4.010529856681824","4.010529856681824","","","","2.3339083409309387","2.3339083409309387","2.3339083409309387"
"137","4.032129952907562","4.032129952907562","4.032129952907562","","","","2.3635646295547486","2.3635646295547486","2.3635646295547486"
"138","3.9829125380516053","3.9829125380516053","3.9829125380516053","","","","2.3937984132766723","2.3937984132766723","2.3937984132766723"
"139","3.995230009555817","3.995230009555817","3.995230009555817","","","","2.3878951859474182","2.3878951859474182","2.3878951859474182"
"140","3.976952815055847","3.976952815055847","3.976952815055847","","","","2.269218900203705","2.269218900203705","2.269218900203705"
"141","3.928238642215729","3.928238642215729","3.928238642215729","","","","2.4477150106430052","2.4477150106430052","2.4477150106430052"
"142","","","","","","","2.3646022200584413","2.3646022200584413","2.3646022200584413"
"143","3.8927099752426146","3.8927099752426146","3.8927099752426146","","","","2.402551007270813","2.402551007270813","2.402551007270813"
"144","4.028135454654693","4.028135454654693","4.028135454654693","","","","2.3592192578315734","2.3592192578315734","2.3592192578315734"
"145","3.966763913631439","3.966763913631439","3.966763913631439","","","","2.4064491295814516","2.4064491295814516","2.4064491295814516"
"146","3.8853102850914003","3.8853102850914003","3.8853102850914003","","","","2.286400454044342","2.286400454044342","2.286400454044342"
"147","3.985854077339172","3.985854077339172","3.985854077339172","","","","2.393226089477539","2.393226089477539","2.393226089477539"
"148","3.969830906391144","3.969830906391144","3.969830906391144","","","","2.391520380973816","2.391520380973816","2.391520380973816"
"149","4.0318518424034115","4.0318518424034115","4.0318518424034115","","","","2.4142628955841063","2.4142628955841063","2.4142628955841063"
"150","3.9591094636917115","3.9591094636917115","3.9591094636917115","","","","2.4151966643333433","2.4151966643333433","2.4151966643333433"
"151","4.011559104919433","4.011559104919433","4.011559104919433","","","","2.3840962529182432","2.3840962529182432","2.3840962529182432"
"152","3.9598097681999205","3.9598097681999205","3.9598097681999205","","","","2.4221907663345337","2.4221907663345337","2.4221907663345337"
"153","3.912242121696472","3.912242121696472","3.912242121696472","","","","2.4340814757347107","2.4340814757347107","2.4340814757347107"
"154","3.955311665534973","3.955311665534973","3.955311665534973","","","","2.372614426612854","2.372614426612854","2.372614426612854"
"155","3.9942786264419556","3.9942786264419556","3.9942786264419556","","","","2.3505150938034056","2.3505150938034056","2.3505150938034056"
"156","4.0138149118423465","4.0138149118423465","4.0138149118423465","","","","2.4061215996742247","2.4061215996742247","2.4061215996742247"
"157","3.908414385318756","3.908414385318756","3.908414385318756","","","","2.3187405943870543","2.3187405943870543","2.3187405943870543"
"158","3.918364796638489","3.918364796638489","3.918364796638489","","","","2.5654863572120665","2.5654863572120665","2.5654863572120665"
"159","3.991098027229309","3.991098027229309","3.991098027229309","","","","2.3516660857200624","2.3516660857200624","2.3516660857200624"
"160","3.978236081600189","3.978236081600189","3.978236081600189","","","","2.393658747673035","2.393658747673035","2.393658747673035"
"161","","","","","","","2.366684138774872","2.366684138774872","2.366684138774872"
"162","","","","","","","2.4882445693016053","2.4882445693016053","2.4882445693016053"
"163","","","","","","","2.426799657344818","2.426799657344818","2.426799657344818"
"164","","","","","","","2.332423450946808","2.332423450946808","2.332423450946808"
"165","","","","","","","2.5142528939247133","2.5142528939247133","2.5142528939247133"
"166","","","","","","","2.376403121948242","2.376403121948242","2.376403121948242"
"169","","","","","","","2.275101227760315","2.275101227760315","2.275101227760315"
"170","","","","","","","2.1944430255889893","2.1944430255889893","2.1944430255889893"
"171","","","","","","","2.202809257507324","2.202809257507324","2.202809257507324"
"172","","","","","","","2.1804177594184875","2.1804177594184875","2.1804177594184875"
"173","","","","","","","2.146640341281891","2.146640341281891","2.146640341281891"
"174","","","","","","","2.1422514510154724","2.1422514510154724","2.1422514510154724"
"175","","","","","","","2.2821099257469175","2.2821099257469175","2.2821099257469175"
"176","","","","","","","2.252605757713318","2.252605757713318","2.252605757713318"
"177","","","","","","","2.3046432948112487","2.3046432948112487","2.3046432948112487"
"178","","","","","","","2.3195010876655577","2.3195010876655577","2.3195010876655577"
"179","","","","","","","2.1696592426300048","2.1696592426300048","2.1696592426300048"
"180","","","","","","","2.254734628200531","2.254734628200531","2.254734628200531"
"181","","","","","","","2.2055479216575624","2.2055479216575624","2.2055479216575624"
"182","","","","","","","2.142966480255127","2.142966480255127","2.142966480255127"
"183","","","","","","","2.2781499147415163","2.2781499147415163","2.2781499147415163"
"184","","","","","","","2.23510879278183","2.23510879278183","2.23510879278183"
"185","","","","","","","2.322949914932251","2.322949914932251","2.322949914932251"
"186","","","","","","","2.2695200991630555","2.2695200991630555","2.2695200991630555"
"187","","","","","","","2.2176732063293456","2.2176732063293456","2.2176732063293456"
"188","","","","","","","2.294384624958038","2.294384624958038","2.294384624958038"
"189","","","","","","","2.3772006320953367","2.3772006320953367","2.3772006320953367"
"190","","","","","","","2.328629515171051","2.328629515171051","2.328629515171051"
"191","","","","","","","2.3025969457626343","2.3025969457626343","2.3025969457626343"
"192","","","","","","","2.2818142342567445","2.2818142342567445","2.2818142342567445"
"193","","","","","","","2.340931844711304","2.340931844711304","2.340931844711304"
"194","","","","","","","2.343209433555603","2.343209433555603","2.343209433555603"
"195","","","","","","","2.3144511771202088","2.3144511771202088","2.3144511771202088"
"196","","","","","","","2.4197293305397034","2.4197293305397034","2.4197293305397034"
"197","","","","","","","2.3280928444862368","2.3280928444862368","2.3280928444862368"
"198","","","","","","","2.30713668346405","2.30713668346405","2.30713668346405"
"199","","","","","","","2.4094499468803408","2.4094499468803408","2.4094499468803408"
"200","","","","","","","2.2898578691482543","2.2898578691482543","2.2898578691482543"
"201","","","","","","","2.3032154488563537","2.3032154488563537","2.3032154488563537"
"202","","","","","","","2.464120237827301","2.464120237827301","2.464120237827301"
"203","","","","","","","2.27595281124115","2.27595281124115","2.27595281124115"
"204","","","","","","","2.307455403804779","2.307455403804779","2.307455403804779"
"205","","","","","","","2.3841971373558044","2.3841971373558044","2.3841971373558044"
"206","","","","","","","2.3800303149223327","2.3800303149223327","2.3800303149223327"
"207","","","","","","","2.3589164781570435","2.3589164781570435","2.3589164781570435"
"208","","","","","","","2.2373327159881593","2.2373327159881593","2.2373327159881593"
"209","","","","","","","2.3431510448455812","2.3431510448455812","2.3431510448455812"
"210","","","","","","","2.3531073045730593","2.3531073045730593","2.3531073045730593"
"211","","","","","","","2.313084557056427","2.313084557056427","2.313084557056427"
"212","","","","","","","2.4036668038368223","2.4036668038368223","2.4036668038368223"
"213","","","","","","","2.38305330991745","2.38305330991745","2.38305330991745"
"214","","","","","","","2.2612930226325987","2.2612930226325987","2.2612930226325987"
"215","","","","","","","2.344396724700928","2.344396724700928","2.344396724700928"
"216","","","","","","","2.4069034314155577","2.4069034314155577","2.4069034314155577"
"217","","","","","","","2.275131597518921","2.275131597518921","2.275131597518921"
"218","","","","","","","2.178780702352524","2.178780702352524","2.178780702352524"
"219","","","","","","","2.407497596740723","2.407497596740723","2.407497596740723"
"220","","","","","","","2.266297173500061","2.266297173500061","2.266297173500061"
"221","","","","","","","2.4263877081871033","2.4263877081871033","2.4263877081871033"
"222","","","","","","","2.335279107093811","2.335279107093811","2.335279107093811"
"223","","","","","","","2.2835424041748045","2.2835424041748045","2.2835424041748045"
"225","","","","","","","2.3244679045677183","2.3244679045677183","2.3244679045677183"
"226","","","","","","","2.4198226857185365","2.4198226857185365","2.4198226857185365"
"227","","","","","","","2.279897108078003","2.279897108078003","2.279897108078003"
"228","","","","","","","2.3141688752174376","2.3141688752174376","2.3141688752174376"
"229","","","","","","","2.2126039409637452","2.2126039409637452","2.2126039409637452"
"230","","","","","","","2.3884422278404234","2.3884422278404234","2.3884422278404234"
"231","","","","","","","2.376215431690216","2.376215431690216","2.376215431690216"
"232","","","","","","","2.3012461471557617","2.3012461471557617","2.3012461471557617"
"233","","","","","","","2.3742335176467897","2.3742335176467897","2.3742335176467897"
"234","","","","","","","2.2403434801101683","2.2403434801101683","2.2403434801101683"
"235","","","","","","","2.3378151941299437","2.3378151941299437","2.3378151941299437"
"236","","","","","","","2.4303286838531495","2.4303286838531495","2.4303286838531495"
"237","","","","","","","2.4010741090774537","2.4010741090774537","2.4010741090774537"
"238","","","","","","","2.26653354883194","2.26653354883194","2.26653354883194"
"239","","","","","","","2.3891673398017885","2.3891673398017885","2.3891673398017885"
"240","","","","","","","2.241651256084442","2.241651256084442","2.241651256084442"
"241","","","","","","","2.3502824258804322","2.3502824258804322","2.3502824258804322"
"242","","","","","","","2.4297930240631103","2.4297930240631103","2.4297930240631103"
"243","","","","","","","2.2183496618270873","2.2183496618270873","2.2183496618270873"
"244","","","","","","","2.3566798114776613","2.3566798114776613","2.3566798114776613"
"245","","","","","","","2.292041213512421","2.292041213512421","2.292041213512421"
"246","","","","","","","2.3294382190704344","2.3294382190704344","2.3294382190704344"
"247","","","","","","","2.3953273820877077","2.3953273820877077","2.3953273820877077"
"248","","","","","","","2.4774378538131714","2.4774378538131714","2.4774378538131714"
"249","","","","","","","2.345157027244568","2.345157027244568","2.345157027244568"
"250","","","","","","","2.33040109872818","2.33040109872818","2.33040109872818"
"251","","","","","","","2.4365274691581726","2.4365274691581726","2.4365274691581726"
"252","","","","","","","2.3156094264984133","2.3156094264984133","2.3156094264984133"
"253","","","","","","","2.303780155181885","2.303780155181885","2.303780155181885"
"254","","","","","","","2.3663493394851685","2.3663493394851685","2.3663493394851685"
"255","","","","","","","2.4036361050605772","2.4036361050605772","2.4036361050605772"
"256","","","","","","","2.3531174993515016","2.3531174993515016","2.3531174993515016"
"257","","","","","","","2.3064260840415955","2.3064260840415955","2.3064260840415955"
"258","","","","","","","2.412574863433838","2.412574863433838","2.412574863433838"
"259","","","","","","","2.4750680923461914","2.4750680923461914","2.4750680923461914"
"260","","","","","","","2.3445365500450133","2.3445365500450133","2.3445365500450133"
"261","","","","","","","2.316870884895325","2.316870884895325","2.316870884895325"
"262","","","","","","","2.3439597940444945","2.3439597940444945","2.3439597940444945"
"263","","","","","","","2.417786817550659","2.417786817550659","2.417786817550659"
"264","","","","","","","2.2695460629463198","2.2695460629463198","2.2695460629463198"
"265","","","","","","","2.3496519827842715","2.3496519827842715","2.3496519827842715"
"266","","","","","","","2.2231833291053773","2.2231833291053773","2.2231833291053773"
"267","","","","","","","2.3148265361785887","2.3148265361785887","2.3148265361785887"
"268","","","","","","","2.269677381515503","2.269677381515503","2.269677381515503"
"269","","","","","","","2.3638047337532044","2.3638047337532044","2.3638047337532044"
"270","","","","","","","2.3552186608314516","2.3552186608314516","2.3552186608314516"
"271","","","","","","","2.325356414318085","2.325356414318085","2.325356414318085"
"272","","","","","","","2.299211287498474","2.299211287498474","2.299211287498474"
"273","","","","","","","2.3402752041816712","2.3402752041816712","2.3402752041816712"
"274","","","","","","","2.4379742169380187","2.4379742169380187","2.4379742169380187"
"275","","","","","","","2.318518807888031","2.318518807888031","2.318518807888031"
"276","","","","","","","2.2264935183525085","2.2264935183525085","2.2264935183525085"
"277","","","","","","","2.3497425961494445","2.3497425961494445","2.3497425961494445"
"278","","","","","","","2.2682472014427186","2.2682472014427186","2.2682472014427186"
"279","","","","","","","2.1929572892189024","2.1929572892189024","2.1929572892189024"
"281","","","","","","","2.2910742139816285","2.2910742139816285","2.2910742139816285"
"282","","","","","","","2.269417414665222","2.269417414665222","2.269417414665222"
"283","","","","","","","2.272628192901611","2.272628192901611","2.272628192901611"
"284","","","","","","","2.3271544861793516","2.3271544861793516","2.3271544861793516"
"285","","","","","","","2.257101984024048","2.257101984024048","2.257101984024048"
"286","","","","","","","2.2513615250587464","2.2513615250587464","2.2513615250587464"
"287","","","","","","","2.3085964179039","2.3085964179039","2.3085964179039"
"288","","","","","","","2.3084594202041626","2.3084594202041626","2.3084594202041626"
"289","","","","","","","2.3900153636932373","2.3900153636932373","2.3900153636932373"
"290","","","","","","","2.231188266277313","2.231188266277313","2.231188266277313"
"291","","","","","","","2.25538547039032","2.25538547039032","2.25538547039032"
"292","","","","","","","2.1837777972221373","2.1837777972221373","2.1837777972221373"
"293","","","","","","","2.234169015884399","2.234169015884399","2.234169015884399"
"294","","","","","","","2.3015065455436705","2.3015065455436705","2.3015065455436705"
"295","","","","","","","2.273591763973236","2.273591763973236","2.273591763973236"
"296","","","","","","","2.3170828104019163","2.3170828104019163","2.3170828104019163"
"297","","","","","","","2.1531666254997255","2.1531666254997255","2.1531666254997255"
"298","","","","","","","2.1825958108901977","2.1825958108901977","2.1825958108901977"
"299","","","","","","","2.265105721950531","2.265105721950531","2.265105721950531"
"300","","","","","","","2.2811690878868105","2.2811690878868105","2.2811690878868105"
"301","","","","","","","2.183779392242432","2.183779392242432","2.183779392242432"
"302","","","","","","","2.205893793106079","2.205893793106079","2.205893793106079"
"303","","","","","","","2.296354377269745","2.296354377269745","2.296354377269745"
"304","","","","","","","2.2550741720199583","2.2550741720199583","2.2550741720199583"
"305","","","","","","","2.2454887104034422","2.2454887104034422","2.2454887104034422"
"306","","","","","","","2.2025962972640993","2.2025962972640993","2.2025962972640993"
"307","","","","","","","2.11847553730011","2.11847553730011","2.11847553730011"
"308","","","","","","","2.204090278148651","2.204090278148651","2.204090278148651"
"309","","","","","","","2.2590330874919893","2.2590330874919893","2.2590330874919893"
"310","","","","","","","2.139836413860321","2.139836413860321","2.139836413860321"
"311","","","","","","","2.1931136417388917","2.1931136417388917","2.1931136417388917"
"312","","","","","","","2.287461621761322","2.287461621761322","2.287461621761322"
"313","","","","","","","2.0734531259536744","2.0734531259536744","2.0734531259536744"
"314","","","","","","","2.300082347393036","2.300082347393036","2.300082347393036"
"315","","","","","","","2.282618227005005","2.282618227005005","2.282618227005005"
"316","","","","","","","2.26829505443573","2.26829505443573","2.26829505443573"
"317","","","","","","","2.1496121525764464","2.1496121525764464","2.1496121525764464"
"318","","","","","","","2.0982891654968263","2.0982891654968263","2.0982891654968263"
"319","","","","","","","2.1414195132255553","2.1414195132255553","2.1414195132255553"
"320","","","","","","","2.174522187709808","2.174522187709808","2.174522187709808"
"321","","","","","","","2.2221441507339477","2.2221441507339477","2.2221441507339477"
"322","","","","","","","2.028998591899872","2.028998591899872","2.028998591899872"
"323","","","","","","","2.2046331119537355","2.2046331119537355","2.2046331119537355"
"324","","","","","","","2.0943392276763917","2.0943392276763917","2.0943392276763917"
"325","","","","","","","2.1583615255355837","2.1583615255355837","2.1583615255355837"
"326","","","","","","","2.184850108623505","2.184850108623505","2.184850108623505"
"327","","","","","","","2.099221336841583","2.099221336841583","2.099221336841583"
"328","","","","","","","2.1962961101531984","2.1962961101531984","2.1962961101531984"
"329","","","","","","","2.1250762343406677","2.1250762343406677","2.1250762343406677"
"330","","","","","","","2.2279436659812926","2.2279436659812926","2.2279436659812926"
"331","","","","","","","2.1811100101470946","2.1811100101470946","2.1811100101470946"
"332","","","","","","","2.151418263912201","2.151418263912201","2.151418263912201"
"333","","","","","","","2.0614726424217222","2.0614726424217222","2.0614726424217222"
"334","","","","","","","2.1743177151679993","2.1743177151679993","2.1743177151679993"
"335","","","","","","","2.070495218038559","2.070495218038559","2.070495218038559"
"338","","","","","","","2.040553143024445","2.040553143024445","2.040553143024445"
"339","","","","","","","1.8518421602249147","1.8518421602249147","1.8518421602249147"
"340","","","","","","","1.8251062726974487","1.8251062726974487","1.8251062726974487"
"341","","","","","","","1.8372262632846832","1.8372262632846832","1.8372262632846832"
"342","","","","","","","1.8055803322792052","1.8055803322792052","1.8055803322792052"
"343","","","","","","","1.739459481239319","1.739459481239319","1.739459481239319"
"344","","","","","","","1.7896238946914673","1.7896238946914673","1.7896238946914673"
"345","","","","","","","1.7819701027870178","1.7819701027870178","1.7819701027870178"
"346","","","","","","","1.7603643918037415","1.7603643918037415","1.7603643918037415"
"347","","","","","","","1.8462061953544617","1.8462061953544617","1.8462061953544617"
"348","","","","","","","1.8343203973770141","1.8343203973770141","1.8343203973770141"
"349","","","","","","","1.8353689527511596","1.8353689527511596","1.8353689527511596"
"350","","","","","","","1.7415398383140563","1.7415398383140563","1.7415398383140563"
"351","","","","","","","1.7534166336059571","1.7534166336059571","1.7534166336059571"
"352","","","","","","","1.8932352709770202","1.8932352709770202","1.8932352709770202"
"353","","","","","","","1.8579554390907287","1.8579554390907287","1.8579554390907287"
"354","","","","","","","1.9333154034614564","1.9333154034614564","1.9333154034614564"
"355","","","","","","","1.7595128297805787","1.7595128297805787","1.7595128297805787"
"356","","","","","","","1.9002734017372132","1.9002734017372132","1.9002734017372132"
"357","","","","","","","1.783976228237152","1.783976228237152","1.783976228237152"
"358","","","","","","","1.671652042865753","1.671652042865753","1.671652042865753"
"359","","","","","","","1.7776365089416504","1.7776365089416504","1.7776365089416504"
"360","","","","","","","1.7757931709289552","1.7757931709289552","1.7757931709289552"
"361","","","","","","","1.8440118479728698","1.8440118479728698","1.8440118479728698"
"362","","","","","","","1.7961005926132203","1.7961005926132203","1.7961005926132203"
"363","","","","","","","1.8902029991149902","1.8902029991149902","1.8902029991149902"
"364","","","","","","","1.7506684589385986","1.7506684589385986","1.7506684589385986"
"365","","","","","","","1.7860475206375122","1.7860475206375122","1.7860475206375122"
"366","","","","","","","1.8258439159393312","1.8258439159393312","1.8258439159393312"
"367","","","","","","","1.77822110414505","1.77822110414505","1.77822110414505"
"368","","","","","","","1.8333095598220825","1.8333095598220825","1.8333095598220825"
"369","","","","","","","1.8148515319824219","1.8148515319824219","1.8148515319824219"
"370","","","","","","","1.69243864774704","1.69243864774704","1.69243864774704"
"371","","","","","","","1.8836705458164216","1.8836705458164216","1.8836705458164216"
"372","","","","","","","1.716511697769165","1.716511697769165","1.716511697769165"
"373","","","","","","","1.7157981872558594","1.7157981872558594","1.7157981872558594"
"374","","","","","","","1.8705128407478333","1.8705128407478333","1.8705128407478333"
"375","","","","","","","1.770124342441559","1.770124342441559","1.770124342441559"
"376","","","","","","","1.8347834205627442","1.8347834205627442","1.8347834205627442"
"377","","","","","","","1.7381305956840516","1.7381305956840516","1.7381305956840516"
"378","","","","","","","1.7985568833351135","1.7985568833351135","1.7985568833351135"
"379","","","","","","","1.8328868055343628","1.8328868055343628","1.8328868055343628"
"380","","","","","","","1.6852483177185058","1.6852483177185058","1.6852483177185058"
"381","","","","","","","1.7494202852249146","1.7494202852249146","1.7494202852249146"
"382","","","","","","","1.7984458112716675","1.7984458112716675","1.7984458112716675"
"383","","","","","","","1.9398747086524963","1.9398747086524963","1.9398747086524963"
"384","","","","","","","1.7899821090698242","1.7899821090698242","1.7899821090698242"
"385","","","","","","","1.7920253348350526","1.7920253348350526","1.7920253348350526"
"386","","","","","","","1.8005139672756194","1.8005139672756194","1.8005139672756194"
"387","","","","","","","1.7821196818351746","1.7821196818351746","1.7821196818351746"
"388","","","","","","","1.8041458320617676","1.8041458320617676","1.8041458320617676"
"389","","","","","","","1.7700608682632446","1.7700608682632446","1.7700608682632446"
"390","","","","","","","1.7892918181419373","1.7892918181419373","1.7892918181419373"
"391","","","","","","","1.7929048085212707","1.7929048085212707","1.7929048085212707"
"392","","","","","","","1.7886537098884583","1.7886537098884583","1.7886537098884583"
"394","","","","","","","1.7507626104354859","1.7507626104354859","1.7507626104354859"
"395","","","","","","","1.8200049257278443","1.8200049257278443","1.8200049257278443"
"396","","","","","","","1.7567893624305726","1.7567893624305726","1.7567893624305726"
"397","","","","","","","1.7687520670890808","1.7687520670890808","1.7687520670890808"
"398","","","","","","","1.6931485033035278","1.6931485033035278","1.6931485033035278"
"399","","","","","","","1.7406323838233948","1.7406323838233948","1.7406323838233948"
"400","","","","","","","1.6895564460754395","1.6895564460754395","1.6895564460754395"
"401","","","","","","","1.6735985362529755","1.6735985362529755","1.6735985362529755"
"402","","","","","","","1.588398302793503","1.588398302793503","1.588398302793503"
"403","","","","","","","1.7496995902061463","1.7496995902061463","1.7496995902061463"
"404","","","","","","","1.8079479575157165","1.8079479575157165","1.8079479575157165"
"405","","","","","","","1.7603416967391967","1.7603416967391967","1.7603416967391967"
"406","","","","","","","1.6031972336769105","1.6031972336769105","1.6031972336769105"
"407","","","","","","","1.6973576903343202","1.6973576903343202","1.6973576903343202"
"408","","","","","","","1.711628828048706","1.711628828048706","1.711628828048706"
"409","","","","","","","1.6515824449062348","1.6515824449062348","1.6515824449062348"
"410","","","","","","","1.859446074962616","1.859446074962616","1.859446074962616"
"411","","","","","","","1.6774697935581206","1.6774697935581206","1.6774697935581206"
"412","","","","","","","1.713870723247528","1.713870723247528","1.713870723247528"
"413","","","","","","","1.7273278999328614","1.7273278999328614","1.7273278999328614"
"414","","","","","","","1.7688202548027039","1.7688202548027039","1.7688202548027039"
"415","","","","","","","1.7138671803474426","1.7138671803474426","1.7138671803474426"
"416","","","","","","","1.7494142723083497","1.7494142723083497","1.7494142723083497"
"417","","","","","","","1.6487684297561644","1.6487684297561644","1.6487684297561644"
"418","","","","","","","1.7479221487045289","1.7479221487045289","1.7479221487045289"
"419","","","","","","","1.760780724287033","1.760780724287033","1.760780724287033"
"420","","","","","","","1.707342848777771","1.707342848777771","1.707342848777771"
"421","","","","","","","1.643496994972229","1.643496994972229","1.643496994972229"
"422","","","","","","","1.6843485534191132","1.6843485534191132","1.6843485534191132"
"423","","","","","","","1.7040455198287965","1.7040455198287965","1.7040455198287965"
"424","","","","","","","1.623450632095337","1.623450632095337","1.623450632095337"
"425","","","","","","","1.7610136151313782","1.7610136151313782","1.7610136151313782"
"426","","","","","","","1.6605729913711549","1.6605729913711549","1.6605729913711549"
"427","","","","","","","1.5805129742622375","1.5805129742622375","1.5805129742622375"
"428","","","","","","","1.7170679092407226","1.7170679092407226","1.7170679092407226"
"429","","","","","","","1.7170506560802459","1.7170506560802459","1.7170506560802459"
"430","","","","","","","1.700901027917862","1.700901027917862","1.700901027917862"
"431","","","","","","","1.756309895515442","1.756309895515442","1.756309895515442"
"432","","","","","","","1.6482417929172515","1.6482417929172515","1.6482417929172515"
"433","","","","","","","1.6056997346878052","1.6056997346878052","1.6056997346878052"
"434","","","","","","","1.6837162494659423","1.6837162494659423","1.6837162494659423"
"435","","","","","","","1.654777054786682","1.654777054786682","1.654777054786682"
"436","","","","","","","1.5841980123519896","1.5841980123519896","1.5841980123519896"
"437","","","","","","","1.5398735356330873","1.5398735356330873","1.5398735356330873"
"438","","","","","","","1.6697327768802643","1.6697327768802643","1.6697327768802643"
"439","","","","","","","1.6681416654586791","1.6681416654586791","1.6681416654586791"
"440","","","","","","","1.640091633796692","1.640091633796692","1.640091633796692"
"441","","","","","","","1.6239820694923401","1.6239820694923401","1.6239820694923401"
"442","","","","","","","1.7366306805610656","1.7366306805610656","1.7366306805610656"
"443","","","","","","","1.5861552047729492","1.5861552047729492","1.5861552047729492"
"444","","","","","","","1.5979255270957946","1.5979255270957946","1.5979255270957946"
"445","","","","","","","1.534362610578537","1.534362610578537","1.534362610578537"
"446","","","","","","","1.6402739369869233","1.6402739369869233","1.6402739369869233"
"447","","","","","","","1.6792014825344086","1.6792014825344086","1.6792014825344086"
"448","","","","","","","1.567065509557724","1.567065509557724","1.567065509557724"
"450","","","","","","","1.6320779192447663","1.6320779192447663","1.6320779192447663"
"451","","","","","","","1.6071543931961059","1.6071543931961059","1.6071543931961059"
"452","","","","","","","1.6709806323051453","1.6709806323051453","1.6709806323051453"
"453","","","","","","","1.6366153681278228","1.6366153681278228","1.6366153681278228"
"454","","","","","","","1.4927698135375977","1.4927698135375977","1.4927698135375977"
"455","","","","","","","1.612081422805786","1.612081422805786","1.612081422805786"
"456","","","","","","","1.558188624382019","1.558188624382019","1.558188624382019"
"457","","","","","","","1.6370152854919433","1.6370152854919433","1.6370152854919433"
"458","","","","","","","1.6426237070560454","1.6426237070560454","1.6426237070560454"
"459","","","","","","","1.6591464567184449","1.6591464567184449","1.6591464567184449"
"460","","","","","","","1.5776062750816344","1.5776062750816344","1.5776062750816344"
"461","","","","","","","1.5441948473453522","1.5441948473453522","1.5441948473453522"
"462","","","","","","","1.5609263646602631","1.5609263646602631","1.5609263646602631"
"463","","","","","","","1.606364974975586","1.606364974975586","1.606364974975586"
"464","","","","","","","1.5850926065444946","1.5850926065444946","1.5850926065444946"
"465","","","","","","","1.5953380370140076","1.5953380370140076","1.5953380370140076"
"466","","","","","","","1.5241112053394317","1.5241112053394317","1.5241112053394317"
"467","","","","","","","1.5249927318096161","1.5249927318096161","1.5249927318096161"
"468","","","","","","","1.5408140516281128","1.5408140516281128","1.5408140516281128"
"469","","","","","","","1.4287646877765656","1.4287646877765656","1.4287646877765656"
"470","","","","","","","1.560105518102646","1.560105518102646","1.560105518102646"
"471","","","","","","","1.5683586025238037","1.5683586025238037","1.5683586025238037"
"472","","","","","","","1.477486720085144","1.477486720085144","1.477486720085144"
"473","","","","","","","1.4983525454998017","1.4983525454998017","1.4983525454998017"
"474","","","","","","","1.5206594800949096","1.5206594800949096","1.5206594800949096"
"475","","","","","","","1.5079335832595826","1.5079335832595826","1.5079335832595826"
"476","","","","","","","1.4942783772945405","1.4942783772945405","1.4942783772945405"
"477","","","","","","","1.4616284418106078","1.4616284418106078","1.4616284418106078"
"478","","","","","","","1.6157264399528504","1.6157264399528504","1.6157264399528504"
"479","","","","","","","1.5538197100162505","1.5538197100162505","1.5538197100162505"
"480","","","","","","","1.495723114013672","1.495723114013672","1.495723114013672"
"481","","","","","","","1.545631331205368","1.545631331205368","1.545631331205368"
"482","","","","","","","1.5207255268096924","1.5207255268096924","1.5207255268096924"
"483","","","","","","","1.4837846410274507","1.4837846410274507","1.4837846410274507"
"484","","","","","","","1.5283322477340697","1.5283322477340697","1.5283322477340697"
"485","","","","","","","1.397907508611679","1.397907508611679","1.397907508611679"
"486","","","","","","","1.594213832616806","1.594213832616806","1.594213832616806"
"487","","","","","","","1.5226453042030335","1.5226453042030335","1.5226453042030335"
"488","","","","","","","1.5191563892364501","1.5191563892364501","1.5191563892364501"
"489","","","","","","","1.4646090734004975","1.4646090734004975","1.4646090734004975"
"490","","","","","","","1.5105667555332183","1.5105667555332183","1.5105667555332183"
"491","","","","","","","1.5048692083358766","1.5048692083358766","1.5048692083358766"
"492","","","","","","","1.4499981832504272","1.4499981832504272","1.4499981832504272"
"493","","","","","","","1.348385385274887","1.348385385274887","1.348385385274887"
"494","","","","","","","1.5424078166484834","1.5424078166484834","1.5424078166484834"
"495","","","","","","","1.5796831703186036","1.5796831703186036","1.5796831703186036"
"496","","","","","","","1.4385768210887908","1.4385768210887908","1.4385768210887908"
"497","","","","","","","1.4475634717941284","1.4475634717941284","1.4475634717941284"
"498","","","","","","","1.477581022977829","1.477581022977829","1.477581022977829"
"499","","","","","","","1.4576824855804444","1.4576824855804444","1.4576824855804444"
"500","","","","","","","1.4848597753047943","1.4848597753047943","1.4848597753047943"
"501","","","","","","","1.5385077381134034","1.5385077381134034","1.5385077381134034"
"502","","","","","","","1.5088977921009064","1.5088977921009064","1.5088977921009064"
"503","","","","","","","1.423882976770401","1.423882976770401","1.423882976770401"
"504","","","","","","","1.5462635576725006","1.5462635576725006","1.5462635576725006"